filename,label
00_DSCN9645_2,3
00_20d5f703-IMG_20190430_213225,1
109_DSCN9487,5
137_DSCN0889,3
46_DSCN9587,3
162_DSCN9535,5
172_DSCN0390,2
36_DSCN7140,3
36_DSCN7137,3
118_DSCN0139,5
100_IMG_0957,5
45_DSCN6721,3
61_DSCN2291,3
00_232b1dfd-20220702_204017,0
19_DSCN7077,3
178_IMG_1768,4
91_DSCN9724,5
51_IMG_0803,2
189_DSCN9251,5
116_IMG_4429,0
185_DSCN0343,3
76_DSCN9231,4
80_IMG_0108,3
62_DSCN6854,3
57_20150430_174759,5
7_DSCN9083,5
29_DSCN2193,3
48_DSCN9688,3
128_IMG_0787,4
98_DSCN2781,3
7_DSCN9091,3
00_59d5bff9-20210203_213714,5
130_DSCN9093,5
65_DSCN9660,3
00_DSCN9654_2,3
93_DSCN3180,5
46_DSCN9592,3
28_DSCN6638,3
12_DSCN6142,1
112_DSCN2315,1
25_IMG_0305,3
108_DSCN3013,4
00_8ce4605e-SAVE_20190918_205901,1
39_DSCN0516,2
108_DSCN3012,4
7_DSCN9080,3
68_DSCN9776,3
127_DSCN6545,4
90_IMG_3785,5
00_home_285,3
167_IMG_0197,5
38_DSCN1163,2
00_941c12f1-SAVE_20191105_150757,4
190_DSCN9044,5
25_IMG_0304,3
99_DSCN8411,5
167_DSCN6589,5
00_4a8425eb-IMG_20191209_124405,4
8_20170809_184714,3
00_230a542d-20220702_204006,0
119_DSCN0419,5
158_DSCN1899,5
101_DSCN0320,5
00_home_295,1
92_DSCN9727,4
140_DSCN9619,5
00_38c3f090-20221015_203553,2
4_DSCN3191,1
74_DSCN6364,3
106_DSCN9964,5
90_DSCN9426,3
36_DSCN7141,3
4_DSCN3185,1
119_DSCN3798,5
162_DSCN9819,5
129_DSCN9213,3
110_DSCN4365,5
74_DSCN6374,3
166_DSCN8007,5
41_DSCN8634,3
98_DSCN2782,2
78_20160728_175540,3
79_DSCN0962,3
167_DSCN6094,5
24_DSCN5964,3
178_IMG_1763,4
30_DSCN7823,3
78_20160728_175533,3
85_DSCN9132,3
9_DSCN0196,2
176_DSCN9228,4
00_4362f9e0-IMG_20200118_153438,5
62_DSCN6851,3
00_0f5ff61b-IMG_20200311_144009,3
56_IMG_3076,3
39_DSCN0518,2
36_DSCN7134,3
191_DSCN0121,5
96_DSCN0103,4
168_DSCN0898,4
98_DSCN1049,3
00_3efccb2c-IMG_20200321_185404,2
56_DSCN9648,0
57_20150430_174912,0
55_DSCN9640,3
112_DSCN3164,1
87_IMG_0420,1
103_DSCN0137,5
00_5a39c33b-IMG_20190430_213316,1
68_DSCN9786,3
50_IMG_0601,3
33_DSCN8756,3
00_37b0e262-IMG_20191114_232043,4
183_DSCN7496,5
101_DSCN0325,3
166_DSCN8008,5
00_DSCN9825_2,5
19_DSCN9751,1
4_DSCN3186,1
179_DSCN9148,3
71_DSCN9126,3
56_DSCN9972,3
48_DSCN9687,3
136_DSCN5748,5
107_IMG_0306,5
112_DSCN4495,5
32_DSCN0982,2
86_DSCN9787,3
00_89073960-20201128_190307,3
128_IMG_0788,4
68_DSCN9794,3
56_DSCN9647,3
52_DSCN0154,0
00_a82b6c1b-20220915_184545,5
32_DSCN0983,3
29_DSCN2191,3
9_DSCN5993,5
00_DSCN9651_2,3
00_3ad03d79-IMG_20200321_185426,2
00_52464b59-20221015_203449,3
177_DSCN5946,4
00_4bff583b-IMG_20190618_200309,4
00_61f77dcc-IMG_20200228_102051,3
112_DSCN3167,1
168_DSCN0899,4
00_a67e8acb-IMG_20191209_124252,4
46_DSCN9591,3
129_DSCN9632,5
22_DSCN9381,3
00_11f464a5-IMG_20190501_070350,1
28_DSCN6640,3
176_DSCN9227,4
144_DSCN0036,5
129_IMG_5622,5
68_DSCN9792,3
185_DSCN0345,5
126_IMG_0084,5
127_IMG_0220,4
56_IMG_3067,0
00_96205333-20211208_183125,5
197_IMG_4005,5
166_DSCN8006,5
92_DSCN9728,4
197_IMG_4007,5
167_IMG_0618,5
125_DSCN5723,2
123_DSCN0291,5
62_DSCN6853,3
129_DSCN9630,5
111_DSCN9951,5
00_74b713cf-IMG_20200226_135053,3
59_IMG_0820,3
120_IMG_2888,4
112_DSCN2314,1
3_DSCN9208,3
52_DSCN0159,3
85_DSCN9133,3
00_1af1b5f3-20220325_210800,4
34_DSCN9829,3
9_DSCN0174,2
127_DSCN6551,4
54_IMG_0985,3
113_DSCN4606,5
74_DSCN6366,3
129_IMG_5623,5
40_DSCN0542,3
76_DSCN9238,3
57_20150430_175407,3
61_DSCN2321,3
156_DSCN0347,3
24_DSCN5960,3
106_DSCN9981,5
71_DSCN9127,3
40_DSCN0546,3
12_DSCN6137,1
87_IMG_7437,1
104_DSCN0156,5
55_DSCN9642,3
00_home_287,3
00_6f0af143-IMG_20200311_143659,3
00_887f1986-20210203_213532,5
42_DSCN6066,3
56_DSCN1113,3
00_a0a7f3e7-IMG_20200228_102142,3
33_DSCN8751,3
132_DSCN6818,5
160_DSCN2100,5
108_DSCN3016,4
28_DSCN6641,3
00_60746bf8-20221207_182549,0
141_DSCN9086,5
101_DSCN0319,5
80_IMG_0110,3
00_0d5008f9-IMG_20200228_200231,2
00_855c383d-SAVE_20190918_210344,4
125_DSCN5720,5
40_DSCN0532,3
18_IMG_0540,1
135_DSCN0925,5
81_DSCN0847,3
33_DSCN8748,3
95_DSCN0111,3
1_DSCN0016,0
168_DSCN0900,4
61_DSCN2316,3
00_74c174b7-IMG_20190618_200243,4
136_DSCN5751,5
90_DSCN9428,3
16_DSCN6635,3
39_DSCN0515,2
87_IMG_0416,1
00_4304f070-20230628_211156,1
00_4e803bfb-IMG_20190615_075208,4
32_DSCN0977,3
85_DSCN9134,3
7_DSCN9082,3
76_DSCN9236,3
179_DSCN9150,3
21_DSCN7633,1
108_DSCN3015,4
00_4888ef2e-20221217_210051,0
52_DSCN0150,1
00_0597dc42-IMG_20190430_213250,1
41_DSCN8633,3
184_DSCN0582,5
98_DSCN2785,5
9_DSCN0197,2
1_DSCN0004,2
00_3cc89682-IMG_20200901_173825,3
125_DSCN5722,3
00_7651ad02-20220910_183106,5
00_0a0efb92-20210718_114534,2
179_DSCN9151,3
95_DSCN0107,3
1_DSCN0018,5
112_DSCN3165,1
47_DSCN9614,3
00_1d6c9c2f-IMG_20191025_212215,3
00_DSCN9535_2,5
57_20150430_175242,1
123_DSCN0297,5
19_DSCN9753,1
69_DSCN4194,3
55_DSCN9641,3
47_DSCN9609,3
178_IMG_1764,4
33_DSCN8755,3
188_DSCN9828,5
56_IMG_3065,0
57_20150430_174651,3
130_DSCN0373,2
124_IMG_4064,5
198_DSCN9222,5
57_20150430_174953,5
21_DSCN7636,1
160_DSCN2099,5
87_IMG_0419,1
167_DSCN6594,5
187_DSCN1366,5
113_DSCN4605,5
129_DSCN9212,3
00_home_284,1
165_DSCN4620,4
112_DSCN7598,3
116_IMG_4430,0
113_DSCN4604,5
87_IMG_7436,1
90_DSCN9422,3
164_DSCN4617,4
142_DSCN6924,5
119_DSCN3799,5
125_DSCN5724,2
117_IMG_0068,4
165_DSCN4618,4
56_DSCN9974,3
12_DSCN6136,0
1_DSCN0007,3
74_DSCN6371,3
00_1c62a865-IMG_20191025_212334,3
98_DSCN1047,3
3_DSCN9211,3
176_DSCN9223,5
60_IMG_0821,3
78_20160728_175547,3
00_23aa757c-20220325_210622,4
119_DSCN0417,5
155_DSCN0238,5
45_DSCN6716,3
109_DSCN9485,5
106_DSCN9963,5
137_DSCN0891,5
58_DSCN1657,3
00_61015715-IMG_20190614_201728,3
00_75a8d76e-20220629_191153,5
112_DSCN2317,1
00_a1f44675-IMG_20191025_212314,3
100_IMG_0958,5
76_DSCN9230,3
108_DSCN3005,4
76_DSCN9233,0
24_DSCN5967,3
112_DSCN2320,1
193_DSCN9726,3
82_DSCN6925,5
134_DSCN7269,5
53_DSCN0302,3
85_DSCN9131,3
172_DSCN0393,2
71_DSCN9130,3
63_DSCN9201,3
98_DSCN2787,5
135_DSCN0918,5
178_IMG_1766,4
115_20150924_175326,5
156_DSCN0348,4
191_DSCN0122,5
55_DSCN9629,3
00_DSCN9647_2,3
135_DSCN0920,4
82_DSCN6932,3
155_DSCN6114,5
134_DSCN7266,5
115_20150924_175348,5
144_DSCN0039,5
124_IMG_4061,5
29_DSCN2197,3
197_IMG_4003,5
00_7791a4c0-20220718_220347,3
56_IMG_3075,3
189_IMG_4166,5
00_8169490d-IMG_20200228_102132,3
25_IMG_0300,3
00_DSCN9202_2,3
112_DSCN4497,5
90_DSCN9427,3
27_IMG_1332,3
27_IMG_1330,3
41_DSCN8632,2
113_DSCN4603,5
96_DSCN0102,4
36_DSCN7136,3
61_DSCN3469,3
94_DSCN0136,2
108_DSCN3017,4
93_DSCN3182,5
00_DSCN9207_2,3
40_DSCN0543,3
00_37455ae2-20211215_192141,5
00_home_297,1
00_DSCN9656_2,3
7_DSCN9078,3
112_DSCN4498,5
155_DSCN9784,5
1_DSCN0013,2
00_1b086899-20201201_130501_1,3
00_95c774d3-20220325_210531,4
169_DSCN6934,5
18_IMG_0542,1
68_DSCN9796,3
00_5afce291-IMG_20190715_193403,3
29_DSCN2200,3
84_DSCN0152,1
29_DSCN2201,3
140_DSCN9622,4
7_DSCN9081,3
163_DSCN0852,5
00_697ab457-SAVE_20200118_153210,5
00_5ba91745-SAVE_20190918_212903,4
30_DSCN7831,3
62_DSCN6849,3
56_IMG_3069,3
110_DSCN4353,5
00_49754434-20201128_190313,3
168_DSCN0901,4
1_DSCN0017,5
158_DSCN1905,5
7_DSCN9089,2
57_20150430_174738,5
129_DSCN9804,3
136_DSCN5756,5
119_DSCN0415,5
75_DSCN6899,3
34_DSCN9831,3
39_DSCN0514,3
93_DSCN3181,5
144_DSCN0038,5
137_DSCN0892,5
36_DSCN7132,3
53_DSCN0300,3
139_DSCN5980,5
46_DSCN9577,3
00_5fcf6c50-SAVE_20190918_205901,1
41_DSCN8636,3
57_20150430_174643,3
169_DSCN6937,5
126_DSCN7683,5
13_DSCN8948,5
29_DSCN2199,5
00_DSCN9653_2,3
56_IMG_3066,0
24_DSCN5963,3
71_DSCN9099,3
130_DSCN8991,4
56_DSCN9975,3
131_DSCN9988,5
133_DSCN8995,5
91_DSCN9725,5
165_DSCN4614,4
00_979a26bf-IMG_20190618_200217,4
180_DSCN0435,3
32_DSCN0985,3
46_DSCN9579,3
00_33395cda-20220915_184704,3
37_DSCN5813,3
124_IMG_4062,5
32_DSCN0984,3
1_DSCN0008,3
97_DSCN9757,5
57_20150430_175233,1
56_DSCN9649,3
95_DSCN0109,3
56_DSCN9656,3
00_762814ab-IMG_20190501_063959,1
74_DSCN6369,3
108_DSCN3008,4
9_DSCN0184,4
98_DSCN1053,5
112_DSCN3166,1
00_a5b4cb50-IMG_20200203_001017,5
00_a498304f-IMG_20200228_102021,3
00_DSCN9819_2,5
131_IMG_5332,5
84_DSCN0980,3
124_IMG_4065,5
52_DSCN0145,3
28_DSCN6637,3
191_DSCN0124,5
57_20150430_175200,3
125_DSCN1319,4
70_DSCN9349,3
179_DSCN0409,5
90_IMG_3782,5
115_20150924_175344,5
58_DSCN1662,3
136_DSCN5752,5
84_DSCN0979,3
82_DSCN6926,3
00_home_293,0
56_DSCN9657,3
40_DSCN0540,3
98_DSCN2783,3
74_DSCN6363,3
179_DSCN9147,3
64_IMG_0786,3
58_DSCN1656,3
57_20150430_175434,3
29_DSCN2198,3
4_DSCN3194,1
127_IMG_0224,4
184_DSCN0583,5
00_45333af3-IMG_20200228_101905,3
27_DSCN9559,5
27_IMG_1337,3
129_IMG_5621,5
177_DSCN5947,4
31_DSCN6515,3
117_IMG_0060,4
74_DSCN6372,3
70_DSCN9348,3
98_DSCN1051,2
96_DSCN0101,4
52_DSCN0153,3
137_DSCN0890,5
140_DSCN9620,4
19_DSCN7096,3
00_97944e75-20221015_203542,2
41_DSCN8635,2
57_20150430_175037,3
176_DSCN9224,5
167_DSCN6590,5
62_DSCN6850,3
24_DSCN5968,3
191_DSCN0123,5
38_DSCN1165,2
21_DSCN7641,1
29_DSCN2195,3
57_20150430_175204,3
00_275da07b-IMG_20200830_110938,0
184_DSCN0580,5
16_DSCN6634,3
56_DSCN9654,3
39_DSCN0513,2
32_DSCN0986,3
127_DSCN6552,4
58_DSCN1661,3
7_DSCN9085,3
119_DSCN0420,5
112_DSCN2318,1
87_IMG_0417,1
00_17d429f5-20220915_184531,5
7_DSCN9087,2
100_IMG_0956,5
00_85a48914-IMG_20190614_202150,4
33_DSCN8752,3
1_DSCN0014,0
56_IMG_3078,3
43_IMG_1236,3
00_DSCN9655_2,3
58_DSCN1660,3
46_DSCN9586,3
00_471071ce-IMG_20190618_200203,4
25_IMG_0301,3
54_IMG_0986,3
95_DSCN0108,3
48_DSCN9686,3
110_DSCN4366,5
56_DSCN1115,3
71_DSCN9122,3
63_DSCN9202,3
192_DSCN8389,5
134_DSCN7268,5
184_DSCN0579,5
56_DSCN9976,3
7_DSCN9090,3
00_a083c9be-20211119_185438,5
9_DSCN0173,1
186_IMG_0862,5
00_1b5145df-IMG_20200228_153528,3
111_DSCN9950,5
87_IMG_0415,0
8_20170809_184707,3
00_275265b7-IMG_20191114_190719,3
101_DSCN0322,5
106_DSCN9966,5
7_DSCN9098,3
57_20150430_175403,3
170_DSCN9296,5
40_IMG_0679,3
3_DSCN9207,0
109_DSCN9483,5
124_IMG_4066,5
120_IMG_2885,4
33_DSCN8754,3
177_DSCN5945,4
179_DSCN0412,5
194_DSCN9721,3
36_DSCN7144,4
135_DSCN0923,4
00_3415cdd4-20210210_182117,2
155_DSCN0239,5
140_DSCN9618,4
36_DSCN7139,3
186_IMG_0863,5
112_DSCN7599,3
127_DSCN6548,4
7_DSCN9088,2
36_DSCN7147,3
31_DSCN6514,3
131_DSCN9989,5
46_DSCN9581,3
113_DSCN4607,5
98_DSCN1052,5
00_2a7d2305-IMG_20190614_202054,5
173_IMG_3400,5
168_DSCN0902,4
79_DSCN0963,3
9_DSCN5994,3
130_DSCN8993,4
57_20150430_174703,3
127_IMG_0223,4
00_255a153a-IMG_20200228_102115,3
00_64f7073b-IMG_20191025_212158,3
00_40c3f18e-20220718_220356,3
00_975a6324-20201201_130431,3
00_38b711c4-20220718_220339,3
75_DSCN6901,3
13_DSCN8949,5
63_DSCN9204,3
95_DSCN0112,3
155_DSCN6113,5
123_DSCN0296,5
187_DSCN1367,5
00_718ec056-IMG_20190618_200319,4
00_57cc7df7-IMG_20200228_101959,3
131_IMG_5331,5
61_DSCN3464,3
94_DSCN0138,2
1_DSCN0019,0
158_DSCN1904,5
56_IMG_3070,3
139_DSCN5981,5
1_DSCN0015,0
29_DSCN2196,3
108_DSCN3009,4
00_2550b53a-20220325_210727,4
98_DSCN1054,5
00_1fffb361-IMG_20190614_201702,3
144_DSCN0037,5
00_3f7eaa92-IMG_20200228_101927,3
125_DSCN5721,5
158_DSCN1900,5
110_DSCN4364,5
59_IMG_0818,3
00_a7786aa1-IMG_20200228_102048,3
84_DSCN0151,1
128_IMG_4369,5
136_DSCN5754,5
184_DSCN0584,5
00_DSCN9650_2,3
140_DSCN9623,4
95_DSCN0110,3
132_DSCN6817,5
128_IMG_0782,4
00_22e2ca5d-IMG_20200228_102212,3
51_DSCN7995,2
113_DSCN4602,5
00_0164d58b-SAVE_20200118_153253,5
56_IMG_3077,3
56_DSCN9651,3
142_DSCN6923,5
173_IMG_3403,5
52_DSCN0160,3
135_DSCN0924,5
128_IMG_4368,5
157_DSCN0321,5
00_803719dd-SAVE_20200202_122129,0
90_DSCN9424,3
69_DSCN4192,3
7_DSCN9079,3
126_DSCN7688,5
99_DSCN8412,5
76_DSCN9237,3
00_30c982c4-20220325_210753,4
103_DSCN0140,5
87_IMG_0418,1
12_DSCN6139,1
90_DSCN9423,3
75_DSCN6900,3
00_DSCN9646_2,3
25_IMG_0309,3
125_DSCN1321,4
94_DSCN0135,2
35_IMG_1453,0
27_IMG_1336,2
57_20150430_174904,5
166_DSCN8009,5
46_DSCN9589,3
90_IMG_3781,3
52_DSCN0157,0
50_IMG_0606,2
189_IMG_4167,5
00_6ff04d5c-IMG_20191025_212300,3
00_1ca83cc9-20221210_181957,3
74_DSCN6362,3
155_DSCN0241,5
56_DSCN9971,3
76_DSCN9235,1
00_home_286,3
76_DSCN9232,1
98_DSCN1048,3
140_DSCN9621,4
173_DSCN2101,5
00_7b564c26-IMG_20190618_200254,4
51_DSCN7993,2
189_DSCN9248,5
172_DSCN0392,2
46_DSCN9590,3
00_87a263ce-20221008_184036,4
126_IMG_0086,5
00_DSCN9659_2,3
27_IMG_1323,3
00_2dce915a-SAVE_20190918_210038,4
82_DSCN6933,5
19_DSCN7097,3
116_IMG_0933,5
162_DSCN9823,5
30_DSCN7826,3
00_DSCN9201_2,3
109_DSCN9498,5
131_DSCN9987,5
38_DSCN1167,3
136_DSCN5749,5
57_20150430_175414,3
71_DSCN9128,3
31_DSCN6513,3
57_20150430_175227,1
57_20150430_175222,3
22_DSCN9380,3
130_DSCN8992,4
41_DSCN8638,3
172_DSCN0395,2
00_DSCN9827_2,5
40_IMG_0675,3
24_DSCN5959,3
91_DSCN9722,5
54_IMG_0989,3
12_DSCN6144,1
00_DSCN9826_2,5
56_IMG_3068,3
68_DSCN9773,3
143_DSCN0447,5
00_DSCN9824_2,5
197_IMG_4006,5
143_DSCN0444,5
29_DSCN2202,3
173_DSCN2098,5
37_DSCN5812,3
58_DSCN1654,3
24_DSCN5961,3
9_DSCN0176,2
190_DSCN9041,5
00_5585829d-IMG_20191209_124136,5
00_00000115,4
57_20150430_174959,5
120_IMG_2891,4
162_DSCN9826,5
00_8d2d1d6c-SAVE_20190918_210425,4
36_DSCN7145,3
130_DSCN9094,5
117_IMG_0059,4
31_DSCN6519,3
163_DSCN0853,5
00_6d0c5545-20230121_195534,3
138_DSCN8655,5
109_DSCN9499,5
156_DSCN0349,4
184_DSCN0585,5
191_DSCN0118,5
16_DSCN7133,3
163_DSCN0854,5
38_DSCN1166,3
25_IMG_0307,5
90_IMG_3783,3
197_IMG_4004,5
42_DSCN6067,3
177_DSCN5944,4
167_DSCN6588,5
189_DSCN9246,5
70_DSCN9352,3
19_DSCN7076,4
26_DSCN7708,3
3_DSCN9210,0
68_DSCN9785,5
35_IMG_1452,3
00_home_281,1
9_DSCN0181,2
00_1710716f-IMG_20191025_212444,3
109_DSCN9484,5
38_DSCN1164,2
71_DSCN9100,3
56_DSCN1116,3
84_DSCN0978,3
36_DSCN7135,3
26_DSCN7713,3
68_DSCN9783,3
00_home_296,1
79_DSCN0961,3
12_DSCN6138,1
52_DSCN0144,3
57_20150430_175238,1
17_DSCN3195,3
72_DSCN0002,3
136_DSCN5753,5
00_home_290,3
58_DSCN1664,3
75_DSCN6902,3
57_20150430_175042,3
36_DSCN7146,4
00_1254ec0b-IMG_20200228_102126,3
92_DSCN9731,4
158_DSCN1902,5
7_DSCN9077,0
58_DSCN1659,3
66_DSCN7347,3
127_IMG_0221,4
24_DSCN5962,3
114_DSCN8985,5
162_DSCN9825,5
155_DSCN0240,5
91_DSCN9723,3
108_DSCN3010,4
36_DSCN7128,3
25_IMG_0314,3
66_DSCN7346,3
127_IMG_0225,4
87_IMG_0414,1
47_DSCN9617,5
30_DSCN7825,3
123_DSCN0293,5
27_IMG_1341,2
61_DSCN2293,3
43_IMG_1234,3
45_DSCN6720,3
00_492eaa0d-20210203_213612,5
129_DSCN9808,3
1_DSCN0009,3
56_IMG_3072,3
124_DSCN0298,5
47_DSCN9616,3
00_20b5691e-20201201_130436_1,3
112_DSCN2319,1
71_DSCN9123,3
47_DSCN9611,3
00_0afe094b-IMG_20190614_202404,4
00_a3bddef2-IMG_20200830_111029,3
45_DSCN6719,3
31_DSCN6516,3
125_DSCN5715,5
46_DSCN9582,3
12_DSCN6145,1
71_DSCN9129,3
29_DSCN2188,3
90_DSCN9425,3
21_DSCN7628,3
93_DSCN3183,5
9_DSCN0195,2
18_IMG_0541,1
57_20150430_174731,3
98_DSCN1050,2
46_DSCN9583,3
116_IMG_0932,5
73_IMG_0332,3
00_DSCN9823_2,5
96_DSCN0100,4
3_DSCN9209,0
46_DSCN9578,3
39_DSCN0517,2
00_DSCN9204_2,3
114_DSCN8984,5
162_DSCN9824,5
00_8e5aa2da-20221025_211733,5
167_DSCN6595,5
00_11fe2a47-SAVE_20200202_122110,1
00_0101ffe9-20221217_210108,5
85_DSCN9135,3
56_DSCN9645,3
52_DSCN0147,3
127_IMG_0222,4
74_DSCN6373,3
162_DSCN9827,5
00_13ddc7f9-20201201_130436,3
74_DSCN6368,3
192_DSCN8390,5
21_DSCN7634,1
56_DSCN1117,3
190_DSCN9046,5
104_DSCN0158,5
90_IMG_3784,3
112_DSCN4499,5
116_IMG_4433,0
82_DSCN6927,5
81_DSCN0848,3
00_a972b414-20221210_182005,3
40_DSCN0536,3
